url,title,content,publish_time,status
https://www.toutiao.com/i1809230941866010/,#广东近海海域可能出现8米巨浪#,,2024-09-04 10:31,empty
https://www.toutiao.com/i7414760208485925411/,,,,"failed: Page.goto: Timeout 10000ms exceeded.
Call log:
  - navigating to ""https://www.toutiao.com/i7414760208485925411/"", waiting until ""domcontentloaded""
"
https://www.toutiao.com/i7414841995891442226/,,,,"failed: Page.goto: Timeout 10000ms exceeded.
Call log:
  - navigating to ""https://www.toutiao.com/i7414841995891442226/"", waiting until ""domcontentloaded""
"
https://www.toutiao.com/i7414886599198278181/,,,,"failed: Page.goto: Timeout 10000ms exceeded.
Call log:
  - navigating to ""https://www.toutiao.com/i7414886599198278181/"", waiting until ""domcontentloaded""
"
https://www.toutiao.com/i7414839163607892507/,,,,"failed: Page.goto: Timeout 10000ms exceeded.
Call log:
  - navigating to ""https://www.toutiao.com/i7414839163607892507/"", waiting until ""domcontentloaded""
"
https://www.toutiao.com/i7415577269533524506/,,,,"failed: Page.goto: Timeout 10000ms exceeded.
Call log:
  - navigating to ""https://www.toutiao.com/i7415577269533524506/"", waiting until ""domcontentloaded""
"
https://www.toutiao.com/i7415814345022358066/,,,,"failed: Page.goto: Timeout 10000ms exceeded.
Call log:
  - navigating to ""https://www.toutiao.com/i7415814345022358066/"", waiting until ""domcontentloaded""
"
https://www.toutiao.com/i7415782879864685065/,,,,"failed: Page.goto: Timeout 10000ms exceeded.
Call log:
  - navigating to ""https://www.toutiao.com/i7415782879864685065/"", waiting until ""domcontentloaded""
"
https://www.toutiao.com/i7415941727703269929/,,,,"failed: Page.goto: net::ERR_NAME_NOT_RESOLVED at https://www.toutiao.com/i7415941727703269929/
Call log:
  - navigating to ""https://www.toutiao.com/i7415941727703269929/"", waiting until ""domcontentloaded""
"
https://www.toutiao.com/i7416686963497271871/,,,,"failed: Page.goto: Timeout 10000ms exceeded.
Call log:
  - navigating to ""https://www.toutiao.com/i7416686963497271871/"", waiting until ""domcontentloaded""
"
https://www.toutiao.com/i7417112736146178601/,,,,"failed: Page.goto: Timeout 10000ms exceeded.
Call log:
  - navigating to ""https://www.toutiao.com/i7417112736146178601/"", waiting until ""domcontentloaded""
"
https://www.toutiao.com/i7417096850752979466/,,,,"failed: Page.goto: Timeout 10000ms exceeded.
Call log:
  - navigating to ""https://www.toutiao.com/i7417096850752979466/"", waiting until ""domcontentloaded""
"
https://www.toutiao.com/i7416963650684109348/,,,,"failed: Page.goto: Timeout 10000ms exceeded.
Call log:
  - navigating to ""https://www.toutiao.com/i7416963650684109348/"", waiting until ""domcontentloaded""
"
https://www.toutiao.com/i7420093098125607475/,,,,empty
https://www.toutiao.com/i7410737692088779275/,,,,"failed: Page.wait_for_selector: Timeout 5000ms exceeded.
Call log:
  - waiting for locator(""p"") to be visible
"
https://www.toutiao.com/i7411169462000386587/,,,,"failed: Page.wait_for_selector: Timeout 5000ms exceeded.
Call log:
  - waiting for locator(""p"") to be visible
"
https://www.toutiao.com/i1810786372440067/,[话筒]今日间中有（雷）阵雨，部分时间雨势较大，目前我市分区暴雨,,2024-09-21 14:34,empty
https://www.toutiao.com/i7407653894110659098/,,,,empty
https://www.toutiao.com/i1809358284145728/,注意！深中通道今晚21时起实行减速通行,,2024-09-05 20:15,empty
https://www.toutiao.com/i7411042961858773515/,,,,"failed: Page.wait_for_selector: Timeout 5000ms exceeded.
Call log:
  - waiting for locator(""p"") to be visible
"
https://www.toutiao.com/i7412859583359746587/,,,,"failed: Page.wait_for_selector: Timeout 5000ms exceeded.
Call log:
  - waiting for locator(""p"") to be visible
    2 × locator resolved to 71 elements. Proceeding with the first one: <p class=""pgc-img-caption""></p>
    4 × locator resolved to 82 elements. Proceeding with the first one: <p class=""pgc-img-caption""></p>
    - locator resolved to 98 elements. Proceeding with the first one: <p class=""pgc-img-caption""></p>
    3 × locator resolved to 99 elements. Proceeding with the first one: <p class=""pgc-img-caption""></p>
    5 × locator resolved to 98 elements. Proceeding with the first one: <p class=""pgc-img-caption""></p>
"
https://www.toutiao.com/i7413774916891312651/,,,,empty
https://www.toutiao.com/i7417345351596556850/,,,,"failed: Page.wait_for_selector: Timeout 5000ms exceeded.
Call log:
  - waiting for locator(""p"") to be visible
"
https://www.toutiao.com/i7411168786377638451/,,,,empty
https://www.toutiao.com/i1809521580182540/,海口发布应对台风摩羯六停公告,,2024-09-07 15:30,empty
https://www.toutiao.com/i7417651595968348684/,,,,empty
https://www.toutiao.com/i7420267814621987338/,,,,"failed: Page.wait_for_selector: Timeout 5000ms exceeded.
Call log:
  - waiting for locator(""p"") to be visible
"
https://www.toutiao.com/i7407835016627814962/,,,,empty
https://www.toutiao.com/i7408976964410737167/,,,,empty
https://www.toutiao.com/i7410420383003820595/,,,,empty
https://www.toutiao.com/i7409910523816346164/,,,,"failed: Page.wait_for_selector: Timeout 5000ms exceeded.
Call log:
  - waiting for locator(""p"") to be visible
    3 × locator resolved to 78 elements. Proceeding with the first one: <p class=""pgc-img-caption""></p>
    - locator resolved to 88 elements. Proceeding with the first one: <p class=""pgc-img-caption""></p>
    - locator resolved to 102 elements. Proceeding with the first one: <p class=""pgc-img-caption""></p>
    - locator resolved to 107 elements. Proceeding with the first one: <p class=""pgc-img-caption""></p>
    3 × locator resolved to 108 elements. Proceeding with the first one: <p class=""pgc-img-caption""></p>
    5 × locator resolved to 107 elements. Proceeding with the first one: <p class=""pgc-img-caption""></p>
"
https://www.toutiao.com/i1809428232684553/,最新！#摩羯12级风圈已到达文昌#,,2024-09-06 14:47,empty
https://www.toutiao.com/i7411844916965392948/,,,,empty
https://www.toutiao.com/i7414083849024340489/,,,,empty
https://www.toutiao.com/i7415648929972224522/,,,,empty
https://www.toutiao.com/i1810718259198988/,深圳市分区暴雨黄色预警信号升级为橙色,,2024-09-20 20:31,empty
https://www.toutiao.com/i7419221672193999379/,,,,empty
https://www.toutiao.com/i7411377350010536467/,,,,"failed: Page.wait_for_selector: Timeout 5000ms exceeded.
Call log:
  - waiting for locator(""p"") to be visible
"
https://www.toutiao.com/i7412544844456919604/,,,,"failed: Page.wait_for_selector: Timeout 5000ms exceeded.
Call log:
  - waiting for locator(""p"") to be visible
"
https://www.toutiao.com/i7414157385004007963/,,,,empty
https://www.toutiao.com/i7417660478282875411/,,,,"failed: Page.wait_for_selector: Timeout 5000ms exceeded.
Call log:
  - waiting for locator(""p"") to be visible
    3 × locator resolved to 64 elements. Proceeding with the first one: <p data-track=""1"" class=""syl-page-br syl-page-br-hide"">…</p>
    - locator resolved to 75 elements. Proceeding with the first one: <p data-track=""1"" class=""syl-page-br syl-page-br-hide"">…</p>
    2 × locator resolved to 93 elements. Proceeding with the first one: <p data-track=""1"" class=""syl-page-br syl-page-br-hide"">…</p>
    3 × locator resolved to 96 elements. Proceeding with the first one: <p data-track=""1"" class=""syl-page-br syl-page-br-hide"">…</p>
    5 × locator resolved to 95 elements. Proceeding with the first one: <p data-track=""1"" class=""syl-page-br syl-page-br-hide"">…</p>
"
https://www.toutiao.com/i7417825598876877351/,,,,empty
https://www.toutiao.com/i7409608201442624039/,,,,"failed: Page.wait_for_selector: Timeout 5000ms exceeded.
Call log:
  - waiting for locator(""p"") to be visible
"
https://www.toutiao.com/i7412294665157739060/,,,,empty
https://www.toutiao.com/i1810972257648643/,#广州最高温已降到2字头# 广州天气：入秋体验卡限时3天,,2024-09-23 15:48,empty
https://www.toutiao.com/i7406206300348006953/,,,,empty
https://www.toutiao.com/i7406253507331768873/,,,,"failed: Page.wait_for_selector: Timeout 5000ms exceeded.
Call log:
  - waiting for locator(""p"") to be visible
"
https://www.toutiao.com/i7409234074373472787/,,,,"failed: Page.wait_for_selector: Timeout 5000ms exceeded.
Call log:
  - waiting for locator(""p"") to be visible
    2 × locator resolved to 45 elements. Proceeding with the first one: <p class=""pgc-img-caption""></p>
    - locator resolved to 55 elements. Proceeding with the first one: <p class=""pgc-img-caption""></p>
    - locator resolved to 56 elements. Proceeding with the first one: <p class=""pgc-img-caption""></p>
    - locator resolved to 66 elements. Proceeding with the first one: <p class=""pgc-img-caption""></p>
    - locator resolved to 71 elements. Proceeding with the first one: <p class=""pgc-img-caption""></p>
    3 × locator resolved to 72 elements. Proceeding with the first one: <p class=""pgc-img-caption""></p>
    5 × locator resolved to 71 elements. Proceeding with the first one: <p class=""pgc-img-caption""></p>
"
https://www.toutiao.com/i1809532596749376/,台风“摩羯”已过境，广东未出现人员因灾伤亡,,2024-09-07 18:26,empty
https://www.toutiao.com/i1810213440208907/,2024深圳“一带一路”国际音乐季启幕！,,2024-09-15 06:47,empty
https://www.toutiao.com/i7416186643293487653/,,,,"failed: Page.wait_for_selector: Timeout 5000ms exceeded.
Call log:
  - waiting for locator(""p"") to be visible
    3 × locator resolved to 25 elements. Proceeding with the first one: <p data-track=""1"" class=""pgc-p syl-page-br syl-page-br-hide"">…</p>
    2 × locator resolved to 35 elements. Proceeding with the first one: <p data-track=""1"" class=""pgc-p syl-page-br syl-page-br-hide"">…</p>
    2 × locator resolved to 51 elements. Proceeding with the first one: <p data-track=""1"" class=""pgc-p syl-page-br syl-page-br-hide"">…</p>
    3 × locator resolved to 52 elements. Proceeding with the first one: <p data-track=""1"" class=""pgc-p syl-page-br syl-page-br-hide"">…</p>
    4 × locator resolved to 51 elements. Proceeding with the first one: <p data-track=""1"" class=""pgc-p syl-page-br syl-page-br-hide"">…</p>
"
https://www.toutiao.com/i7418764115159646759/,,,,"failed: Page.wait_for_selector: Timeout 5000ms exceeded.
Call log:
  - waiting for locator(""p"") to be visible
"
https://www.toutiao.com/i1809705294429248/,未预约请勿前往！琼州海峡有序复运 受台风“摩羯”影响，琼州海,,2024-09-09 16:10,empty
https://www.toutiao.com/i7406722511616754227/,,,,empty
https://www.toutiao.com/i7411309040480961078/,,,,"failed: Page.wait_for_selector: Timeout 5000ms exceeded.
Call log:
  - waiting for locator(""p"") to be visible
    3 × locator resolved to 9 elements. Proceeding with the first one: <p class=""pgc-img-caption""></p>
    - locator resolved to 19 elements. Proceeding with the first one: <p class=""pgc-img-caption""></p>
    - locator resolved to 30 elements. Proceeding with the first one: <p class=""pgc-img-caption""></p>
    4 × locator resolved to 35 elements. Proceeding with the first one: <p class=""pgc-img-caption""></p>
    5 × locator resolved to 34 elements. Proceeding with the first one: <p class=""pgc-img-caption""></p>
"
https://www.toutiao.com/i7411285180662481458/,,,,empty
https://www.toutiao.com/i1809412383651844/,深圳市分区暴雨黄色预警信号升级为橙色,,2024-09-06 10:35,empty
https://www.toutiao.com/i1809534626152460/,台风“摩羯”已过境，#广东未出现人员因灾伤亡#,,2024-09-07 18:58,empty
https://www.toutiao.com/i7411978586690798121/,,,,"failed: Page.wait_for_selector: Timeout 5000ms exceeded.
Call log:
  - waiting for locator(""p"") to be visible
    2 × locator resolved to 22 elements. Proceeding with the first one: <p></p>
    - locator resolved to 32 elements. Proceeding with the first one: <p></p>
    - locator resolved to 33 elements. Proceeding with the first one: <p></p>
    - locator resolved to 48 elements. Proceeding with the first one: <p></p>
    - locator resolved to 47 elements. Proceeding with the first one: <p></p>
    3 × locator resolved to 54 elements. Proceeding with the first one: <p></p>
    5 × locator resolved to 53 elements. Proceeding with the first one: <p></p>
"
https://www.toutiao.com/i7413355754973725218/,,,,"failed: Page.wait_for_selector: Timeout 5000ms exceeded.
Call log:
  - waiting for locator(""p"") to be visible
"
https://www.toutiao.com/i1810145183288393/,深圳市分区暴雨黄色预警信号,,2024-09-14 12:42,empty
https://www.toutiao.com/i7409094282985898546/,,,,"failed: Page.wait_for_selector: Timeout 5000ms exceeded.
Call log:
  - waiting for locator(""p"") to be visible
    2 × locator resolved to 20 elements. Proceeding with the first one: <p class=""syl-page-br syl-page-br-hide"">…</p>
    - locator resolved to 30 elements. Proceeding with the first one: <p class=""syl-page-br syl-page-br-hide"">…</p>
    - locator resolved to 31 elements. Proceeding with the first one: <p class=""syl-page-br syl-page-br-hide"">…</p>
    2 × locator resolved to 46 elements. Proceeding with the first one: <p class=""syl-page-br syl-page-br-hide"">…</p>
    3 × locator resolved to 50 elements. Proceeding with the first one: <p class=""syl-page-br syl-page-br-hide"">…</p>
    5 × locator resolved to 49 elements. Proceeding with the first one: <p class=""syl-page-br syl-page-br-hide"">…</p>
"
https://www.toutiao.com/i7411431059922960930/,,,,"failed: Page.wait_for_selector: Timeout 5000ms exceeded.
Call log:
  - waiting for locator(""p"") to be visible
"
https://www.toutiao.com/i1809437337505923/,注意！台风摩羯将二次登陆广东徐闻,,2024-09-06 17:11,empty
https://www.toutiao.com/i7416508569605980709/,,,,empty
https://www.toutiao.com/i7419980817000088091/,,,,"failed: Page.wait_for_selector: Timeout 5000ms exceeded.
Call log:
  - waiting for locator(""p"") to be visible
"
https://www.toutiao.com/i7408382479776842252/,,,,"failed: Page.wait_for_selector: Timeout 5000ms exceeded.
Call log:
  - waiting for locator(""p"") to be visible
    2 × locator resolved to 94 elements. Proceeding with the first one: <p class=""pgc-img-caption""></p>
    2 × locator resolved to 104 elements. Proceeding with the first one: <p class=""pgc-img-caption""></p>
    - locator resolved to 115 elements. Proceeding with the first one: <p class=""pgc-img-caption""></p>
    - locator resolved to 120 elements. Proceeding with the first one: <p class=""pgc-img-caption""></p>
    3 × locator resolved to 121 elements. Proceeding with the first one: <p class=""pgc-img-caption""></p>
    6 × locator resolved to 120 elements. Proceeding with the first one: <p class=""pgc-img-caption""></p>
"
https://www.toutiao.com/i7409115276744131081/,,,,empty
https://www.toutiao.com/i7411022649289179687/,,,,empty
https://www.toutiao.com/i7411458551899488795/,,,,"failed: Page.wait_for_selector: Timeout 5000ms exceeded.
Call log:
  - waiting for locator(""p"") to be visible
"
https://www.toutiao.com/i7412653479971357196/,,,,empty
https://www.toutiao.com/i7419915099953791526/,,,,empty
https://www.toutiao.com/i1809371884907532/,深中通道5日21时起实行减速通行,,2024-09-05 23:51,empty
https://www.toutiao.com/i7410945225448751654/,,,,empty
https://www.toutiao.com/i7411460143235351078/,,,,"failed: Page.wait_for_selector: Timeout 5000ms exceeded.
Call log:
  - waiting for locator(""p"") to be visible
"
https://www.toutiao.com/i7411720174421770790/,,,,empty
https://www.toutiao.com/i7412825174350774823/,,,,"failed: Page.wait_for_selector: Timeout 5000ms exceeded.
Call log:
  - waiting for locator(""p"") to be visible
    2 × locator resolved to 63 elements. Proceeding with the first one: <p class=""pgc-img-caption""></p>
    3 × locator resolved to 73 elements. Proceeding with the first one: <p class=""pgc-img-caption""></p>
    10 × locator resolved to 78 elements. Proceeding with the first one: <p class=""pgc-img-caption""></p>
"
https://www.toutiao.com/i7420078907925234213/,,,,empty
https://www.toutiao.com/i7408155087058190889/,,,,"failed: Page.wait_for_selector: Timeout 5000ms exceeded.
Call log:
  - waiting for locator(""p"") to be visible
    3 × locator resolved to 21 elements. Proceeding with the first one: <p></p>
    - locator resolved to 32 elements. Proceeding with the first one: <p></p>
    - locator resolved to 42 elements. Proceeding with the first one: <p></p>
    - locator resolved to 47 elements. Proceeding with the first one: <p></p>
    3 × locator resolved to 48 elements. Proceeding with the first one: <p></p>
    5 × locator resolved to 47 elements. Proceeding with the first one: <p></p>
"
https://www.toutiao.com/i7410295881808740914/,,,,empty
https://www.toutiao.com/i1809235490488388/,台风“摩羯”最新消息：将在海南万宁到阳江阳西一带沿海登陆,,2024-09-04 11:43,empty
https://www.toutiao.com/i7411092098025292288/,,,,empty
https://www.toutiao.com/i1809430554628108/,#台风摩羯十级风圈踏入湛江#,,2024-09-06 15:24,empty
https://www.toutiao.com/i7411548213477392950/,,,,"failed: Page.wait_for_selector: Timeout 5000ms exceeded.
Call log:
  - waiting for locator(""p"") to be visible
"
https://www.toutiao.com/i7413630522435420735/,,,,"failed: Page.wait_for_selector: Timeout 5000ms exceeded.
Call log:
  - waiting for locator(""p"") to be visible
"
https://www.toutiao.com/i7416259740193325631/,,,,"failed: Page.wait_for_selector: Timeout 5000ms exceeded.
Call log:
  - waiting for locator(""p"") to be visible
    3 × locator resolved to 65 elements. Proceeding with the first one: <p data-track=""1"" class=""syl-page-br syl-page-br-hide"">…</p>
    - locator resolved to 76 elements. Proceeding with the first one: <p data-track=""1"" class=""syl-page-br syl-page-br-hide"">…</p>
    2 × locator resolved to 93 elements. Proceeding with the first one: <p data-track=""1"" class=""syl-page-br syl-page-br-hide"">…</p>
    3 × locator resolved to 96 elements. Proceeding with the first one: <p data-track=""1"" class=""syl-page-br syl-page-br-hide"">…</p>
    5 × locator resolved to 95 elements. Proceeding with the first one: <p data-track=""1"" class=""syl-page-br syl-page-br-hide"">…</p>
"
https://www.toutiao.com/i7417674896114811431/,,,,"failed: Page.wait_for_selector: Timeout 5000ms exceeded.
Call log:
  - waiting for locator(""p"") to be visible
"
https://www.toutiao.com/i1809076908764169/,深圳天气剧透,,2024-09-02 17:43,empty
https://www.toutiao.com/i1809138129600522/,台风“摩羯”将在海南岛东部到广东西部一带沿海登陆，广州周末有雨,,2024-09-03 09:56,empty
https://www.toutiao.com/i7411057525618934287/,,,,"failed: Page.wait_for_selector: Timeout 5000ms exceeded.
Call log:
  - waiting for locator(""p"") to be visible
"
https://www.toutiao.com/i1809412426235978/,受#台风摩羯#影响，湛江西等方向列车调整或停运,,2024-09-06 10:35,empty
https://www.toutiao.com/i7411845860377543195/,,,,"failed: Page.wait_for_selector: Timeout 5000ms exceeded.
Call log:
  - waiting for locator(""p"") to be visible
    2 × locator resolved to 4 elements. Proceeding with the first one: <p class=""pgc-img-caption""></p>
    2 × locator resolved to 14 elements. Proceeding with the first one: <p class=""pgc-img-caption""></p>
    - locator resolved to 15 elements. Proceeding with the first one: <p class=""pgc-img-caption""></p>
    - locator resolved to 30 elements. Proceeding with the first one: <p class=""pgc-img-caption""></p>
    3 × locator resolved to 34 elements. Proceeding with the first one: <p class=""pgc-img-caption""></p>
    5 × locator resolved to 33 elements. Proceeding with the first one: <p class=""pgc-img-caption""></p>
"
https://www.toutiao.com/i7414736784283779619/,,,,empty
https://www.toutiao.com/i7415151864640995903/,,,,empty
https://www.toutiao.com/i7417423950559167015/,,,,"failed: Page.wait_for_selector: Timeout 5000ms exceeded.
Call log:
  - waiting for locator(""p"") to be visible
"
https://www.toutiao.com/i7418861612385321499/,,,,empty
https://www.toutiao.com/i7420038936708235815/,,,,"failed: Page.wait_for_selector: Timeout 5000ms exceeded.
Call log:
  - waiting for locator(""p"") to be visible
"
https://www.toutiao.com/i7411411649577386531/,,,,"failed: Page.wait_for_selector: Timeout 5000ms exceeded.
Call log:
  - waiting for locator(""p"") to be visible
    4 × locator resolved to 81 elements. Proceeding with the first one: <p class=""pgc-img-caption""></p>
    5 × locator resolved to 107 elements. Proceeding with the first one: <p class=""pgc-img-caption""></p>
    5 × locator resolved to 106 elements. Proceeding with the first one: <p class=""pgc-img-caption""></p>
"
https://www.toutiao.com/i7416943136296960524/,,,,"failed: Page.wait_for_selector: Timeout 5000ms exceeded.
Call log:
  - waiting for locator(""p"") to be visible
"
https://www.toutiao.com/i7411323415996531215/,,,,empty
https://www.toutiao.com/i1809446742514900/,今夜台风#摩羯二次登陆广东徐闻#，湛江辖区高速公路已全线封闭,,2024-09-06 19:41,empty
https://www.toutiao.com/i7411356159375983140/,,,,"failed: Page.wait_for_selector: Timeout 5000ms exceeded.
Call log:
  - waiting for locator(""p"") to be visible
"
https://www.toutiao.com/i7413635709292020224/,,,,empty
https://www.toutiao.com/i7414704732142486025/,,,,empty
https://www.toutiao.com/i7416341317854183970/,,,,empty
https://www.toutiao.com/i7418094259900842535/,,,,empty
https://www.toutiao.com/i1808345220543500/,深圳市分区暴雨黄色预警信号,,2024-08-25 15:53,empty
https://www.toutiao.com/i7409313359130198582/,,,,"failed: Page.wait_for_selector: Timeout 5000ms exceeded.
Call log:
  - waiting for locator(""p"") to be visible
"
https://www.toutiao.com/i1809269126568972/,受台风“摩羯”影响，未来三天广铁部分列车调整运行区段或停运,,2024-09-04 20:38,empty
https://www.toutiao.com/i7411037461004075557/,,,,empty
https://www.toutiao.com/i1809431233215500/,台风摩羯 眼壁置换,,2024-09-06 15:34,empty
https://www.toutiao.com/i7411482853126439461/,,,,empty
https://www.toutiao.com/i1809972004328523/,深圳市分区暴雨黄色预警信号升级为橙色,,2024-09-12 14:50,empty
https://www.toutiao.com/i7407420182672458292/,,,,empty
https://www.toutiao.com/i7408076188138193419/,,,,empty
https://www.toutiao.com/i7408538339450339851/,,,,empty
https://www.toutiao.com/i7413038362635928114/,,,,empty
https://www.toutiao.com/i7411393792551256595/,,,,empty
https://www.toutiao.com/i7413706480556016178/,,,,"failed: Page.wait_for_selector: Timeout 5000ms exceeded.
Call log:
  - waiting for locator(""p"") to be visible
    3 × locator resolved to 34 elements. Proceeding with the first one: <p></p>
    3 × locator resolved to 44 elements. Proceeding with the first one: <p></p>
    9 × locator resolved to 49 elements. Proceeding with the first one: <p></p>
"
https://www.toutiao.com/i1810038590319627/,金融,,2024-09-13 08:28,empty
https://www.toutiao.com/i7415103335847559680/,,,,"failed: Page.wait_for_selector: Timeout 5000ms exceeded.
Call log:
  - waiting for locator(""p"") to be visible
"
https://www.toutiao.com/i7416310459936014902/,,,,empty
https://www.toutiao.com/i7419519241369551386/,,,,empty
https://www.toutiao.com/i7408515890867683850/,,,,empty
https://www.toutiao.com/i7411460296226685466/,,,,empty
https://www.toutiao.com/i7412546890530652706/,,,,"failed: Page.wait_for_selector: Timeout 5000ms exceeded.
Call log:
  - waiting for locator(""p"") to be visible
"
https://www.toutiao.com/i7410988533587968539/,,,,empty
https://www.toutiao.com/i1809352653030476/,盘点那些年与“摩羯”路径相似的台风,,2024-09-05 18:45,empty
https://www.toutiao.com/i7413767084359877160/,,,,"failed: Page.wait_for_selector: Timeout 5000ms exceeded.
Call log:
  - waiting for locator(""p"") to be visible
"
https://www.toutiao.com/i7413766708625736226/,,,,empty
https://www.toutiao.com/i1810676398789635/,冷空气终于来了，深圳高温天气将得到缓解,,2024-09-20 09:26,empty
https://www.toutiao.com/i7407262814116102710/,,,,"failed: Page.wait_for_selector: Timeout 5000ms exceeded.
Call log:
  - waiting for locator(""p"") to be visible
    3 × locator resolved to 136 elements. Proceeding with the first one: <p class=""pgc-img-caption""></p>
    2 × locator resolved to 147 elements. Proceeding with the first one: <p class=""pgc-img-caption""></p>
    3 × locator resolved to 162 elements. Proceeding with the first one: <p class=""pgc-img-caption""></p>
    6 × locator resolved to 161 elements. Proceeding with the first one: <p class=""pgc-img-caption""></p>
"
https://www.toutiao.com/i1809579595091012/,国庆来深圳 体验低空科技视觉盛宴,,2024-09-08 06:53,empty
https://www.toutiao.com/i1809165273636940/,最新研判：台风摩羯将直接影响广东 #广东将迎特大暴雨#,,2024-09-03 17:07,empty
https://www.toutiao.com/i1809185235986436/,深圳市分区雷雨大风黄色预警信号升级为橙色,,2024-09-03 22:24,empty
https://www.toutiao.com/i7414005401408045578/,,,,"failed: Page.wait_for_selector: Timeout 5000ms exceeded.
Call log:
  - waiting for locator(""p"") to be visible
"
https://www.toutiao.com/i7407653852993880613/,,,,empty
https://www.toutiao.com/i1809257407707145/,深圳天气剧透,,2024-09-04 17:32,empty
https://www.toutiao.com/i1809307498616844/,“摩羯”已加强为超强台风！中心最大风力17级,,2024-09-05 06:48,empty
https://www.toutiao.com/i1810303794150403/,深圳市9月18日试鸣防空警报,,2024-09-16 06:43,empty
https://www.toutiao.com/i1810876247252996/,深圳市分区暴雨黄色预警信号,,2024-09-22 14:22,empty
https://www.toutiao.com/i7419915213819888169/,,,,empty
https://www.toutiao.com/article/7402216348694168118,,,,empty
https://www.toutiao.com/i7406939556777345571/,,,,"failed: Page.wait_for_selector: Timeout 5000ms exceeded.
Call log:
  - waiting for locator(""p"") to be visible
"
https://www.toutiao.com/i7408269886209769999/,,,,empty
https://www.toutiao.com/i7410596030007312932/,,,,"failed: Page.wait_for_selector: Timeout 5000ms exceeded.
Call log:
  - waiting for locator(""p"") to be visible
"
https://www.toutiao.com/i7411354753189364287/,,,,empty
https://www.toutiao.com/i7413017028677632575/,,,,empty
https://www.toutiao.com/i7413271895220519439/,,,,empty
https://www.toutiao.com/i7413387747290857984/,,,,"failed: Page.wait_for_selector: Timeout 5000ms exceeded.
Call log:
  - waiting for locator(""p"") to be visible
    - locator resolved to 90 elements. Proceeding with the first one: <p></p>
    - locator resolved to 100 elements. Proceeding with the first one: <p></p>
    2 × locator resolved to 101 elements. Proceeding with the first one: <p></p>
    5 × locator resolved to 116 elements. Proceeding with the first one: <p></p>
    5 × locator resolved to 115 elements. Proceeding with the first one: <p></p>
"
https://www.toutiao.com/i7416173288948285962/,,,,empty
https://www.toutiao.com/i7416511287280157220/,,,,empty
https://www.toutiao.com/i7419626697659548171/,,,,empty
https://www.toutiao.com/i7411702570495820298/,,,,empty
https://www.toutiao.com/i7415810922809377319/,,,,empty
https://www.toutiao.com/i7417397549889274378/,,,,empty
https://www.toutiao.com/i7408870241779892770/,,,,"failed: Page.wait_for_selector: Timeout 5000ms exceeded.
Call log:
  - waiting for locator(""p"") to be visible
"
https://www.toutiao.com/i7410375416940986919/,,,,"failed: Page.wait_for_selector: Timeout 5000ms exceeded.
Call log:
  - waiting for locator(""p"") to be visible
"
https://www.toutiao.com/i7411352033879474722/,,,,"failed: Page.wait_for_selector: Timeout 5000ms exceeded.
Call log:
  - waiting for locator(""p"") to be visible
"
https://www.toutiao.com/i1809620528073728/,#广东向受灾严重地区拨付2500万救灾资金#,,2024-09-08 17:43,empty
https://www.toutiao.com/i7414284840574517775/,,,,empty
https://www.toutiao.com/i7407090031313027638/,,,,"failed: Page.wait_for_selector: Timeout 5000ms exceeded.
Call log:
  - waiting for locator(""p"") to be visible
"
https://www.toutiao.com/i7408741487908799017/,,,,empty
https://www.toutiao.com/i7409630770370986537/,,,,empty
https://www.toutiao.com/i7416555161848218146/,,,,"failed: Page.wait_for_selector: Timeout 5000ms exceeded.
Call log:
  - waiting for locator(""p"") to be visible
"
https://www.toutiao.com/i7416948933576737315/,,,,empty
https://www.toutiao.com/i7409917199337194036/,,,,empty
https://www.toutiao.com/i7410024538823475750/,,,,empty
https://www.toutiao.com/i7410035506937119243/,,,,"failed: Page.wait_for_selector: Timeout 5000ms exceeded.
Call log:
  - waiting for locator(""p"") to be visible
"
https://www.toutiao.com/i1809510837037067/,,,,empty
https://www.toutiao.com/i7412250148119626294/,,,,empty
https://www.toutiao.com/i7412564889035620902/,,,,"failed: Page.wait_for_selector: Timeout 5000ms exceeded.
Call log:
  - waiting for locator(""p"") to be visible
    3 × locator resolved to 14 elements. Proceeding with the first one: <p class=""pgc-img-caption""></p>
    - locator resolved to 24 elements. Proceeding with the first one: <p class=""pgc-img-caption""></p>
    - locator resolved to 25 elements. Proceeding with the first one: <p class=""pgc-img-caption""></p>
    - locator resolved to 35 elements. Proceeding with the first one: <p class=""pgc-img-caption""></p>
    - locator resolved to 40 elements. Proceeding with the first one: <p class=""pgc-img-caption""></p>
    3 × locator resolved to 43 elements. Proceeding with the first one: <p class=""pgc-img-caption""></p>
    5 × locator resolved to 42 elements. Proceeding with the first one: <p class=""pgc-img-caption""></p>
"
https://www.toutiao.com/i7415385147496776228/,,,,"failed: Page.wait_for_selector: Timeout 5000ms exceeded.
Call log:
  - waiting for locator(""p"") to be visible
    3 × locator resolved to 29 elements. Proceeding with the first one: <p class=""pgc-img-caption""></p>
    - locator resolved to 39 elements. Proceeding with the first one: <p class=""pgc-img-caption""></p>
    - locator resolved to 43 elements. Proceeding with the first one: <p class=""pgc-img-caption""></p>
    - locator resolved to 48 elements. Proceeding with the first one: <p class=""pgc-img-caption""></p>
    3 × locator resolved to 60 elements. Proceeding with the first one: <p class=""pgc-img-caption""></p>
    5 × locator resolved to 59 elements. Proceeding with the first one: <p class=""pgc-img-caption""></p>
"
https://www.toutiao.com/i7416695863503847951/,,,,empty
https://www.toutiao.com/i7417661546140910130/,,,,empty
https://www.toutiao.com/i7417701043187745343/,,,,"failed: Page.wait_for_selector: Timeout 5000ms exceeded.
Call log:
  - waiting for locator(""p"") to be visible
"
https://www.toutiao.com/i7406156493349552694/,,,,"failed: Page.wait_for_selector: Timeout 5000ms exceeded.
Call log:
  - waiting for locator(""p"") to be visible
    2 × locator resolved to 102 elements. Proceeding with the first one: <p class=""pgc-img-caption""></p>
    3 × locator resolved to 112 elements. Proceeding with the first one: <p class=""pgc-img-caption""></p>
    9 × locator resolved to 117 elements. Proceeding with the first one: <p class=""pgc-img-caption""></p>
"
https://www.toutiao.com/i7408753725050831396/,,,,empty
https://www.toutiao.com/i7409880469548663347/,,,,"failed: Page.wait_for_selector: Timeout 5000ms exceeded.
Call log:
  - waiting for locator(""p"") to be visible
    - locator resolved to 34 elements. Proceeding with the first one: <p data-track=""1"" class=""syl-page-br syl-page-br-hide"">…</p>
    2 × locator resolved to 44 elements. Proceeding with the first one: <p data-track=""1"" class=""syl-page-br syl-page-br-hide"">…</p>
    - locator resolved to 45 elements. Proceeding with the first one: <p data-track=""1"" class=""syl-page-br syl-page-br-hide"">…</p>
    - locator resolved to 55 elements. Proceeding with the first one: <p data-track=""1"" class=""syl-page-br syl-page-br-hide"">…</p>
    - locator resolved to 60 elements. Proceeding with the first one: <p data-track=""1"" class=""syl-page-br syl-page-br-hide"">…</p>
    3 × locator resolved to 61 elements. Proceeding with the first one: <p data-track=""1"" class=""syl-page-br syl-page-br-hide"">…</p>
    5 × locator resolved to 60 elements. Proceeding with the first one: <p data-track=""1"" class=""syl-page-br syl-page-br-hide"">…</p>
"
https://www.toutiao.com/i1809216859744330/,全市台风白色预警信号生效中,,2024-09-04 06:47,empty
https://www.toutiao.com/i7413344588145951268/,,,,"failed: Page.wait_for_selector: Timeout 5000ms exceeded.
Call log:
  - waiting for locator(""p"") to be visible
"
https://www.toutiao.com/i7415957492707885587/,,,,"failed: Page.wait_for_selector: Timeout 5000ms exceeded.
Call log:
  - waiting for locator(""p"") to be visible
"
https://www.toutiao.com/i7416249495099114011/,,,,empty
https://www.toutiao.com/i7416612414164189732/,,,,"failed: Page.wait_for_selector: Timeout 5000ms exceeded.
Call log:
  - waiting for locator(""p"") to be visible
"
https://www.toutiao.com/i7408752365858931236/,,,,empty
https://www.toutiao.com/i7416930873980813887/,,,,empty
https://www.toutiao.com/i7417112296368898623/,,,,empty
https://www.toutiao.com/i7411148339732873766/,,,,empty
https://www.toutiao.com/i7414028725353742875/,,,,empty
https://www.toutiao.com/i7415269289856451109/,,,,empty
https://www.toutiao.com/i1808618355300356/,深圳市雷雨大风黄色预警信号扩展至全市、发布分区暴雨黄色预警信号,,2024-08-28 16:14,empty
https://www.toutiao.com/i7410711541303034368/,,,,"failed: Page.wait_for_selector: Timeout 5000ms exceeded.
Call log:
  - waiting for locator(""p"") to be visible
"
https://www.toutiao.com/i7411450390795633188/,,,,"failed: Page.wait_for_selector: Timeout 5000ms exceeded.
Call log:
  - waiting for locator(""p"") to be visible
"
https://www.toutiao.com/i7416344147533070874/,,,,"failed: Page.wait_for_selector: Timeout 5000ms exceeded.
Call log:
  - waiting for locator(""p"") to be visible
"
https://www.toutiao.com/i7416719231733006911/,,,,empty
https://www.toutiao.com/i7417006132876542483/,,,,empty
https://www.toutiao.com/i1808701676800010/,深圳市分区暴雨黄色预警信号,,2024-08-29 14:18,empty
https://www.toutiao.com/i1808962795889668/,高温黄色预警信号生效中！,,2024-09-01 11:29,empty
https://www.toutiao.com/i7409935590801605132/,,,,empty
https://www.toutiao.com/i7410938701036978742/,,,,"failed: Page.wait_for_selector: Timeout 5000ms exceeded.
Call log:
  - waiting for locator(""p"") to be visible
"
https://www.toutiao.com/i7411365361112678921/,,,,"failed: Page.wait_for_selector: Timeout 5000ms exceeded.
Call log:
  - waiting for locator(""p"") to be visible
"
https://www.toutiao.com/i7411440626400494115/,,,,"failed: Page.wait_for_selector: Timeout 5000ms exceeded.
Call log:
  - waiting for locator(""p"") to be visible
"
https://www.toutiao.com/i7411392064656654857/,,,,"failed: Page.wait_for_selector: Timeout 5000ms exceeded.
Call log:
  - waiting for locator(""p"") to be visible
"
https://www.toutiao.com/i7412594738412470784/,,,,"failed: Page.wait_for_selector: Timeout 5000ms exceeded.
Call log:
  - waiting for locator(""p"") to be visible
"
https://www.toutiao.com/i7414746556970140160/,,,,"failed: Page.wait_for_selector: Timeout 5000ms exceeded.
Call log:
  - waiting for locator(""p"") to be visible
    2 × locator resolved to 13 elements. Proceeding with the first one: <p></p>
    3 × locator resolved to 23 elements. Proceeding with the first one: <p></p>
    - locator resolved to 29 elements. Proceeding with the first one: <p></p>
    3 × locator resolved to 38 elements. Proceeding with the first one: <p></p>
    5 × locator resolved to 37 elements. Proceeding with the first one: <p></p>
"
https://www.toutiao.com/i7416559979756388864/,,,,empty
https://www.toutiao.com/i7408782327599399443/,,,,empty
https://www.toutiao.com/i7410343490292498998/,,,,"failed: Page.wait_for_selector: Timeout 5000ms exceeded.
Call log:
  - waiting for locator(""p"") to be visible
"
https://www.toutiao.com/i1809337336393859/,广东防风应急响应升为I级 粤西部分高速公路交通管制,,2024-09-05 14:42,empty
https://www.toutiao.com/i7411533128264860195/,,,,"failed: Page.wait_for_selector: Timeout 5000ms exceeded.
Call log:
  - waiting for locator(""p"") to be visible
"
https://www.toutiao.com/i7411907430249742888/,,,,"failed: Page.wait_for_selector: Timeout 5000ms exceeded.
Call log:
  - waiting for locator(""p"") to be visible
"
https://www.toutiao.com/i7413977180717187634/,,,,empty
https://www.toutiao.com/i1809138731043851/,深圳市高温黄色预警信号升级为橙色,,2024-09-03 10:05,empty
https://www.toutiao.com/i7411020249539068442/,,,,"failed: Page.wait_for_selector: Timeout 5000ms exceeded.
Call log:
  - waiting for locator(""p"") to be visible
    3 × locator resolved to 50 elements. Proceeding with the first one: <p class=""pgc-img-caption""></p>
    - locator resolved to 61 elements. Proceeding with the first one: <p class=""pgc-img-caption""></p>
    5 × locator resolved to 78 elements. Proceeding with the first one: <p class=""pgc-img-caption""></p>
    5 × locator resolved to 77 elements. Proceeding with the first one: <p class=""pgc-img-caption""></p>
"
https://www.toutiao.com/i1809418669885513/,超强台风级！#摩羯登陆强度直逼威马逊#,,2024-09-06 12:15,empty
https://www.toutiao.com/i7413232519316783668/,,,,"failed: Page.wait_for_selector: Timeout 5000ms exceeded.
Call log:
  - waiting for locator(""p"") to be visible
"
https://www.toutiao.com/i7414764022156837415/,,,,"failed: Page.wait_for_selector: Timeout 5000ms exceeded.
Call log:
  - waiting for locator(""p"") to be visible
"
https://www.toutiao.com/i7410622004291731980/,,,,"failed: Page.wait_for_selector: Timeout 5000ms exceeded.
Call log:
  - waiting for locator(""p"") to be visible
"
https://www.toutiao.com/i1809621120233536/,深圳天气剧透,,2024-09-08 17:53,empty
https://www.toutiao.com/i7415090622853431835/,,,,empty
https://www.toutiao.com/i7415818489564430884/,,,,empty
https://www.toutiao.com/i7410069588085408256/,,,,empty
https://www.toutiao.com/i7410671966145659429/,,,,empty
https://www.toutiao.com/i7411006042399719946/,,,,"failed: Page.wait_for_selector: Timeout 5000ms exceeded.
Call log:
  - waiting for locator(""p"") to be visible
"
https://www.toutiao.com/i7411323792296837670/,,,,empty
https://www.toutiao.com/i7411411755529781794/,,,,"failed: Page.wait_for_selector: Timeout 5000ms exceeded.
Call log:
  - waiting for locator(""p"") to be visible
    3 × locator resolved to 103 elements. Proceeding with the first one: <p class=""pgc-img-caption""></p>
    - locator resolved to 113 elements. Proceeding with the first one: <p class=""pgc-img-caption""></p>
    - locator resolved to 114 elements. Proceeding with the first one: <p class=""pgc-img-caption""></p>
    - locator resolved to 129 elements. Proceeding with the first one: <p class=""pgc-img-caption""></p>
    3 × locator resolved to 131 elements. Proceeding with the first one: <p class=""pgc-img-caption""></p>
    5 × locator resolved to 130 elements. Proceeding with the first one: <p class=""pgc-img-caption""></p>
"
https://www.toutiao.com/i7411411955192119862/,,,,empty
https://www.toutiao.com/i7415824652473270836/,,,,empty
https://www.toutiao.com/i7416280278450192932/,,,,"failed: Page.wait_for_selector: Timeout 5000ms exceeded.
Call log:
  - waiting for locator(""p"") to be visible
"
https://www.toutiao.com/i7418204126858789415/,,,,empty
https://www.toutiao.com/i7408164406632186395/,,,,"failed: Page.wait_for_selector: Timeout 5000ms exceeded.
Call log:
  - waiting for locator(""p"") to be visible
"
https://www.toutiao.com/i7409297853278962226/,,,,"failed: Page.wait_for_selector: Timeout 5000ms exceeded.
Call log:
  - waiting for locator(""p"") to be visible
    3 × locator resolved to 47 elements. Proceeding with the first one: <p></p>
    - locator resolved to 57 elements. Proceeding with the first one: <p></p>
    2 × locator resolved to 58 elements. Proceeding with the first one: <p></p>
    4 × locator resolved to 72 elements. Proceeding with the first one: <p></p>
    5 × locator resolved to 71 elements. Proceeding with the first one: <p></p>
"
https://www.toutiao.com/i1809354888526923/,十一号台风魔蝎,,2024-09-05 19:21,empty
https://www.toutiao.com/i7411074323600949797/,,,,"failed: Page.wait_for_selector: Timeout 5000ms exceeded.
Call log:
  - waiting for locator(""p"") to be visible
    2 × locator resolved to 31 elements. Proceeding with the first one: <p class=""pgc-img-caption""></p>
    - locator resolved to 41 elements. Proceeding with the first one: <p class=""pgc-img-caption""></p>
    9 × locator resolved to 46 elements. Proceeding with the first one: <p class=""pgc-img-caption""></p>
"
https://www.toutiao.com/i7411461883909243427/,,,,empty
https://www.toutiao.com/i7416374172152005172/,,,,empty
https://www.toutiao.com/article/7401433621430649384,,,,empty
https://www.toutiao.com/i1809324412831819/,注意！深圳铁路部分列车调整运行区段或停运,,2024-09-05 11:17,empty
https://www.toutiao.com/i7411001481500901907/,,,,"failed: Page.wait_for_selector: Timeout 5000ms exceeded.
Call log:
  - waiting for locator(""p"") to be visible
"
https://www.toutiao.com/i1809347909255168/,台风,,2024-09-05 17:30,empty
https://www.toutiao.com/i7411442023271514659/,,,,"failed: Page.wait_for_selector: Timeout 5000ms exceeded.
Call log:
  - waiting for locator(""p"") to be visible
"
https://www.toutiao.com/i7415956888417780275/,,,,"failed: Page.wait_for_selector: Timeout 5000ms exceeded.
Call log:
  - waiting for locator(""p"") to be visible
"
https://www.toutiao.com/i7419210637080838675/,,,,"failed: Page.wait_for_selector: Timeout 5000ms exceeded.
Call log:
  - waiting for locator(""p"") to be visible
"
https://www.toutiao.com/i1809350815856666/,深圳市台风黄色预警信号预发布信息,,2024-09-05 18:16,empty
https://www.toutiao.com/i7412594873238422054/,,,,empty
https://www.toutiao.com/i7418178893095486015/,,,,"failed: Page.wait_for_selector: Timeout 5000ms exceeded.
Call log:
  - waiting for locator(""p"") to be visible
"
https://www.toutiao.com/i7409887211271668276/,,,,"failed: Page.wait_for_selector: Timeout 5000ms exceeded.
Call log:
  - waiting for locator(""p"") to be visible
"
https://www.toutiao.com/i7409880653442974235/,,,,empty
https://www.toutiao.com/i7415938052821926452/,,,,empty
https://www.toutiao.com/i7417709763292578345/,,,,empty
https://www.toutiao.com/i7418150942589125172/,,,,"failed: Page.wait_for_selector: Timeout 5000ms exceeded.
Call log:
  - waiting for locator(""p"") to be visible
"
https://www.toutiao.com/i7420351237540889103/,,,,empty
